,inv_111,inv_044,01_HOOFD_330,04_BPT_005,inv_021,01_HOOFD_065_1,01_HOOFD_015,01_HOOFD_375,inv_011,01_HOOFD_510_1,inv_112,01_HOOFD_180,01_HOOFD_120,inv_056,inv_029,inv_075,inv_080,inv_063,01_HOOFD_480,inv_039,inv_045,inv_034,01_HOOFD_510_2,01_HOOFD_495,01_HOOFD_065_2,03_GBH_005,inv_035,inv_031,inv_079,inv_110,01_HOOFD_011,11_AH_II_010,inv_115,01_HOOFD_020,inv_054,inv_064,01_BB_540,inv_062,01_HOOFD_370,inv_105,01_HOOFD_490_1,01_HOOFD_200,inv_074,inv_053,inv_092,02_DRZ_010,inv_061,01_HOOFD_050,01_HOOFD_490_2,inv_078,01_HOOFD_380,01_HOOFD_195,inv_050,01_HOOFD_010,inv_001,01_HOOFD_110,inv_100,01_HOOFD_430,inv_066,09_AH_I_010,inv_085
inv_111,-,-,-,-,-,-,-,-,-,-,-,-,-,←,-,-,-,-,-,-,-,-,-,-,-,-,-,-,-,-,-,-,-,-,-,-,-,-,-,-,-,-,-,-,-,-,-,-,-,-,-,-,-,-,-,-,→,-,-,-,-
inv_044,-,-,-,-,-,-,-,-,-,-,-,→,←,-,-,-,-,-,-,-,-,-,-,-,-,-,-,-,-,-,-,-,-,-,-,-,-,-,-,-,-,-,-,-,-,-,-,-,-,←,-,-,-,-,-,-,-,-,-,-,-
01_HOOFD_330,-,-,-,-,-,-,-,-,←,-,-,-,-,-,-,-,-,-,-,-,-,-,-,-,-,-,-,-,-,-,-,-,-,-,-,-,-,-,-,-,-,-,-,-,-,-,-,-,-,-,-,-,-,-,-,-,-,-,-,→,-
04_BPT_005,-,-,-,-,-,-,-,-,-,-,-,-,-,-,-,-,-,-,-,-,-,-,-,-,-,-,→,-,-,←,-,-,-,-,-,-,-,-,-,-,-,-,-,-,-,-,-,-,-,-,-,-,-,-,-,-,-,-,-,-,-
inv_021,-,-,-,-,-,-,←,-,-,-,-,-,-,-,-,-,-,-,-,-,-,-,-,-,-,-,-,-,-,-,-,-,→,-,-,-,-,-,-,-,-,-,-,-,-,-,-,-,-,-,-,-,-,-,-,-,-,-,-,-,-
01_HOOFD_065_1,-,-,-,-,-,-,-,-,-,-,-,-,-,-,-,-,-,→,-,-,-,-,-,-,-,-,-,-,←,-,-,-,-,-,-,-,-,-,-,-,-,-,-,-,-,-,→,-,-,-,-,-,-,-,-,-,-,-,-,-,-
01_HOOFD_015,-,-,-,-,→,-,-,-,-,-,-,-,-,-,-,-,-,-,-,-,-,-,-,-,-,-,-,-,-,→,-,-,-,-,←,-,-,-,-,-,-,-,-,-,-,-,-,-,-,-,-,-,-,-,-,-,-,-,-,-,-
01_HOOFD_375,-,-,-,-,-,-,-,-,-,-,-,-,-,-,-,-,-,-,-,-,-,-,-,-,-,-,-,→,-,-,-,-,-,-,-,-,-,-,-,-,-,-,-,-,-,-,-,-,-,-,-,-,-,-,-,-,-,-,←,-,-
inv_011,-,-,→,-,-,-,-,-,-,-,-,-,-,-,-,-,-,-,-,-,-,-,-,-,-,-,-,-,-,-,-,-,-,-,-,-,-,-,-,-,-,-,-,-,-,-,-,-,-,-,-,←,-,-,←,-,-,-,-,-,-
01_HOOFD_510_1,-,-,-,-,-,-,-,-,-,-,-,-,-,-,-,-,→,-,-,-,-,-,-,||,-,-,-,-,-,-,-,-,-,-,-,-,-,-,-,-,-,-,←,-,-,-,-,-,||,-,-,-,-,-,-,-,-,-,-,-,-
inv_112,-,-,-,-,-,-,-,-,-,-,-,-,-,-,-,-,-,-,-,-,-,-,-,-,-,-,-,-,-,-,-,-,-,-,-,-,-,-,→,-,-,-,-,-,-,-,-,-,-,-,-,-,-,-,-,-,-,-,-,←,-
01_HOOFD_180,-,←,-,-,-,-,-,-,-,-,-,-,-,-,-,-,-,-,-,-,-,-,-,-,-,-,-,-,-,-,-,-,-,-,-,-,-,-,-,-,-,→,-,-,-,-,-,-,-,-,-,-,-,-,-,-,-,-,-,-,-
01_HOOFD_120,-,→,-,-,-,-,-,-,-,-,-,-,-,-,-,-,-,-,-,-,-,-,-,-,-,-,-,-,-,-,-,-,-,-,-,-,-,-,-,←,-,-,-,-,-,-,-,-,-,||,-,-,-,-,-,-,-,-,-,-,-
inv_056,→,-,-,-,-,-,-,-,-,-,-,-,-,-,-,-,-,-,-,-,-,-,-,-,-,-,-,-,→,-,-,-,-,-,-,-,-,-,-,-,-,-,-,-,-,-,-,-,-,-,-,-,-,-,-,-,-,-,-,-,-
inv_029,-,-,-,-,-,-,-,-,-,-,-,-,-,-,-,-,-,-,-,-,-,-,-,-,-,-,-,-,-,-,-,-,-,-,-,-,←,-,-,-,-,-,-,-,-,-,-,-,-,-,-,-,-,-,-,-,-,-,-,-,-
inv_075,-,-,-,-,-,-,-,-,-,-,-,-,-,-,-,-,-,-,-,-,-,-,-,-,-,-,-,-,-,-,-,→,-,-,-,-,-,-,←,-,-,-,-,-,-,-,-,-,-,-,-,-,-,-,-,-,-,-,-,-,-
inv_080,-,-,-,-,-,-,-,-,-,←,-,-,-,-,-,-,-,-,-,-,-,-,→,←,-,-,-,-,-,-,-,-,-,-,-,-,-,-,-,-,-,-,-,-,-,-,-,-,-,-,-,-,-,-,-,-,-,-,-,-,-
inv_063,-,-,-,-,-,←,-,-,-,-,-,-,-,-,-,-,-,-,-,-,-,-,-,-,-,-,-,-,-,-,-,-,-,-,-,-,-,-,-,-,-,-,-,-,-,-,-,-,-,-,-,-,-,-,-,-,→,-,-,-,-
01_HOOFD_480,-,-,-,-,-,-,-,-,-,-,-,-,-,-,-,-,-,-,-,-,-,-,-,-,-,-,-,-,-,-,-,-,-,-,-,-,-,-,-,-,→,-,-,-,-,-,-,-,-,-,-,-,←,-,-,-,-,-,-,-,-
inv_039,-,-,-,-,-,-,-,-,-,-,-,-,-,-,-,-,-,-,-,-,-,-,-,-,-,-,-,→,-,-,-,-,-,-,-,-,-,-,←,-,-,-,-,-,-,-,-,-,-,-,-,-,-,-,-,-,-,-,-,-,-
inv_045,-,-,-,-,-,-,-,-,-,-,-,-,-,-,-,-,-,-,-,-,-,-,-,-,-,-,-,→,-,-,-,-,-,-,-,-,-,-,-,-,-,-,-,-,-,-,-,-,-,-,-,-,-,-,-,-,-,-,-,←,-
inv_034,-,-,-,-,-,-,-,-,-,-,-,-,-,-,-,-,-,-,-,-,-,-,-,-,-,-,-,-,-,-,-,-,-,-,-,-,-,-,-,-,-,-,-,-,-,-,-,-,-,-,-,-,→,-,-,-,-,←,-,-,-
01_HOOFD_510_2,-,-,-,-,-,-,-,-,-,-,-,-,-,-,-,-,←,-,-,-,-,-,-,-,-,-,-,-,-,-,-,-,-,-,-,-,→,-,-,-,-,-,-,-,-,-,-,-,-,-,-,-,-,-,-,-,-,-,-,-,-
01_HOOFD_495,-,-,-,-,-,-,-,-,-,||,-,-,-,-,-,-,→,-,-,-,-,-,-,-,-,-,-,-,-,-,-,-,-,-,-,-,-,-,-,-,-,-,-,-,-,-,-,-,←,-,-,-,-,-,-,-,-,-,-,-,-
01_HOOFD_065_2,-,-,-,-,-,-,-,-,-,-,-,-,-,-,-,-,-,-,-,-,-,-,-,-,-,-,←,-,-,-,-,-,-,-,-,-,-,→,-,-,-,-,-,-,-,-,-,-,-,||,-,-,-,-,-,-,-,-,-,-,-
03_GBH_005,-,-,-,-,-,-,-,-,-,-,-,-,-,-,-,-,-,-,-,-,-,-,-,-,-,-,-,-,-,-,-,-,-,←,-,-,-,-,-,-,-,-,-,-,-,→,-,-,-,-,-,-,-,-,-,-,-,-,-,-,-
inv_035,-,-,-,←,-,-,-,-,-,-,-,-,-,-,-,-,-,-,-,-,-,-,-,-,→,-,-,-,-,-,-,-,-,-,-,-,-,-,-,-,-,-,-,-,-,-,-,-,-,→,-,-,-,-,-,-,-,-,-,-,-
inv_031,-,-,-,-,-,-,-,←,-,-,-,-,-,-,-,-,-,-,-,←,←,-,-,-,-,-,-,-,-,-,-,-,-,-,-,-,-,-,-,-,-,-,-,-,-,-,-,-,-,-,→,-,-,-,-,-,-,-,-,-,-
inv_079,-,-,-,-,-,→,-,-,-,-,-,-,-,←,-,-,-,-,-,-,-,-,-,-,-,-,-,-,-,-,-,-,-,-,-,-,-,-,-,-,-,-,-,-,-,-,-,-,-,-,-,-,-,-,-,-,-,-,-,-,-
inv_110,-,-,-,→,-,-,←,-,-,-,-,-,-,-,-,-,-,-,-,-,-,-,-,-,-,-,-,-,-,-,-,-,-,-,-,-,-,-,-,-,-,-,-,-,-,-,-,-,-,-,-,-,-,-,-,-,-,-,-,-,-
01_HOOFD_011,-,-,-,-,-,-,-,-,-,-,-,-,-,-,-,-,-,-,-,-,-,-,-,-,-,-,-,-,-,-,-,-,→,-,-,-,-,-,-,-,-,-,-,-,-,-,-,-,-,-,-,-,-,←,-,-,-,-,-,-,-
11_AH_II_010,-,-,-,-,-,-,-,-,-,-,-,-,-,-,-,←,-,-,-,-,-,-,-,-,-,-,-,-,-,-,-,-,-,-,-,-,-,-,-,-,-,-,-,-,-,-,-,-,-,-,-,-,→,-,-,-,-,-,-,-,-
inv_115,-,-,-,-,←,-,-,-,-,-,-,-,-,-,-,-,-,-,-,-,-,-,-,-,-,-,-,-,-,-,←,-,-,→,-,-,-,-,-,-,-,-,-,-,-,-,-,-,-,-,-,-,-,-,-,-,-,-,-,-,-
01_HOOFD_020,-,-,-,-,-,-,-,-,-,-,-,-,-,-,-,-,-,-,-,-,-,-,-,-,-,→,-,-,-,-,-,-,←,-,-,-,-,-,-,-,-,-,-,-,-,-,-,-,-,-,-,-,-,-,-,-,-,-,-,-,-
inv_054,-,-,-,-,-,-,→,-,-,-,-,-,-,-,-,-,-,-,-,-,-,-,-,-,-,-,-,-,-,-,-,-,-,-,-,-,-,-,-,-,-,-,-,-,-,-,-,←,-,-,-,-,-,-,-,-,-,-,-,-,-
inv_064,-,-,-,-,-,-,-,-,-,-,-,-,-,-,-,-,-,-,-,-,-,-,-,-,-,-,-,-,-,-,-,-,-,-,-,-,-,→,-,-,-,-,-,-,-,-,←,-,-,→,-,-,-,-,-,-,-,-,-,-,-
01_BB_540,-,-,-,-,-,-,-,-,-,-,-,-,-,-,→,-,-,-,-,-,-,-,←,-,-,-,-,-,-,-,-,-,-,-,-,-,-,-,-,-,-,-,-,-,-,-,-,-,-,-,-,-,-,-,-,-,-,-,-,-,-
inv_062,-,-,-,-,-,-,-,-,-,-,-,-,-,-,-,-,-,-,-,-,-,-,-,-,←,-,-,-,-,-,-,-,-,-,-,←,-,-,-,-,-,-,-,-,-,-,-,-,-,||,-,-,-,-,-,→,-,-,-,-,-
01_HOOFD_370,-,-,-,-,-,-,-,-,-,-,←,-,-,-,-,→,-,-,-,→,-,-,-,-,-,-,-,-,-,-,-,-,-,-,-,-,-,-,-,-,-,-,-,-,-,-,-,-,-,-,-,-,-,-,-,-,-,-,-,-,-
inv_105,-,-,-,-,-,-,-,-,-,-,-,-,→,-,-,-,-,-,-,-,-,-,-,-,-,-,-,-,-,-,-,-,-,-,-,-,-,-,-,-,-,-,-,←,-,-,-,-,-,||,-,-,-,-,-,←,-,-,-,-,-
01_HOOFD_490_1,-,-,-,-,-,-,-,-,-,-,-,-,-,-,-,-,-,-,←,-,-,-,-,-,-,-,-,-,-,-,-,-,-,-,-,-,-,-,-,-,-,-,→,-,-,-,-,-,-,-,-,-,-,-,-,-,-,-,-,-,-
01_HOOFD_200,-,-,-,-,-,-,-,-,-,-,-,←,-,-,-,-,-,-,-,-,-,-,-,-,-,-,-,-,-,-,-,-,-,-,-,-,-,-,-,-,-,-,-,-,-,-,-,-,-,-,-,-,-,-,→,-,-,-,-,-,→
inv_074,-,-,-,-,-,-,-,-,-,→,-,-,-,-,-,-,-,-,-,-,-,-,-,-,-,-,-,-,-,-,-,-,-,-,-,-,-,-,-,-,←,-,-,-,-,-,-,-,→,-,-,-,-,-,-,-,-,-,-,-,-
inv_053,-,-,-,-,-,-,-,-,-,-,-,-,-,-,-,-,-,-,-,-,-,-,-,-,-,-,-,-,-,-,-,-,-,-,-,-,-,-,-,→,-,-,-,-,←,-,-,-,-,→,-,-,-,-,-,-,-,-,-,-,-
inv_092,-,-,-,-,-,-,-,-,-,-,-,-,-,-,-,-,-,-,-,-,-,-,-,-,-,-,-,-,-,-,-,-,-,-,-,-,-,-,-,-,-,-,-,→,-,-,-,←,-,-,-,-,-,-,-,-,-,-,-,-,-
02_DRZ_010,-,-,-,-,-,-,-,-,-,-,-,-,-,-,-,-,-,-,-,-,-,-,-,-,-,←,-,-,-,-,-,-,-,-,-,-,-,-,-,-,-,-,-,-,-,-,-,→,-,-,-,-,-,-,-,-,-,-,-,-,-
inv_061,-,-,-,-,-,←,-,-,-,-,-,-,-,-,-,-,-,-,-,-,-,-,-,-,-,-,-,-,-,-,-,-,-,-,-,→,-,-,-,-,-,-,-,-,-,-,-,-,-,-,-,-,-,-,-,-,-,-,-,-,-
01_HOOFD_050,-,-,-,-,-,-,-,-,-,-,-,-,-,-,-,-,-,-,-,-,-,-,-,-,-,-,-,-,-,-,-,-,-,-,→,-,-,-,-,-,-,-,-,-,→,←,-,-,-,-,-,-,-,-,-,-,-,-,-,-,-
01_HOOFD_490_2,-,-,-,-,-,-,-,-,-,||,-,-,-,-,-,-,-,-,-,-,-,-,-,→,-,-,-,-,-,-,-,-,-,-,-,-,-,-,-,-,-,-,←,-,-,-,-,-,-,-,-,-,-,-,-,-,-,-,-,-,-
inv_078,-,→,-,-,-,-,-,-,-,-,-,-,||,-,-,-,-,-,-,-,-,-,-,-,||,-,←,-,-,-,-,-,-,-,-,←,-,||,-,||,-,-,-,←,-,-,-,-,-,-,-,-,-,-,-,||,-,-,-,-,-
01_HOOFD_380,-,-,-,-,-,-,-,-,-,-,-,-,-,-,-,-,-,-,-,-,-,-,-,-,-,-,-,←,-,-,-,-,-,-,-,-,-,-,-,-,-,-,-,-,-,-,-,-,-,-,-,-,-,-,-,-,-,→,-,-,-
01_HOOFD_195,-,-,-,-,-,-,-,-,→,-,-,-,-,-,-,-,-,-,-,-,-,-,-,-,-,-,-,-,-,-,-,-,-,-,-,-,-,-,-,-,-,-,-,-,-,-,-,-,-,-,-,-,-,-,-,-,-,-,-,-,←
inv_050,-,-,-,-,-,-,-,-,-,-,-,-,-,-,-,-,-,-,→,-,-,←,-,-,-,-,-,-,-,-,-,←,-,-,-,-,-,-,-,-,-,-,-,-,-,-,-,-,-,-,-,-,-,-,-,-,-,-,-,-,-
01_HOOFD_010,-,-,-,-,-,-,-,-,-,-,-,-,-,-,-,-,-,-,-,-,-,-,-,-,-,-,-,-,-,-,→,-,-,-,-,-,-,-,-,-,-,-,-,-,-,-,-,-,-,-,-,-,-,-,-,-,←,-,-,-,-
inv_001,-,-,-,-,-,-,-,-,→,-,-,-,-,-,-,-,-,-,-,-,-,-,-,-,-,-,-,-,-,-,-,-,-,-,-,-,-,-,-,-,-,←,-,-,-,-,-,-,-,-,-,-,-,-,-,-,-,-,-,-,-
01_HOOFD_110,-,-,-,-,-,-,-,-,-,-,-,-,-,-,-,-,-,-,-,-,-,-,-,-,-,-,-,-,-,-,-,-,-,-,-,-,-,←,-,→,-,-,-,-,-,-,-,-,-,||,-,-,-,-,-,-,-,-,-,-,-
inv_100,←,-,-,-,-,-,-,-,-,-,-,-,-,-,-,-,-,←,-,-,-,-,-,-,-,-,-,-,-,-,-,-,-,-,-,-,-,-,-,-,-,-,-,-,-,-,-,-,-,-,-,-,-,→,-,-,-,-,-,-,-
01_HOOFD_430,-,-,-,-,-,-,-,-,-,-,-,-,-,-,-,-,-,-,-,-,-,→,-,-,-,-,-,-,-,-,-,-,-,-,-,-,-,-,-,-,-,-,-,-,-,-,-,-,-,-,←,-,-,-,-,-,-,-,→,-,-
inv_066,-,-,-,-,-,-,-,→,-,-,-,-,-,-,-,-,-,-,-,-,-,-,-,-,-,-,-,-,-,-,-,-,-,-,-,-,-,-,-,-,-,-,-,-,-,-,-,-,-,-,-,-,-,-,-,-,-,←,-,-,-
09_AH_I_010,-,-,←,-,-,-,-,-,-,-,→,-,-,-,-,-,-,-,-,-,→,-,-,-,-,-,-,-,-,-,-,-,-,-,-,-,-,-,-,-,-,-,-,-,-,-,-,-,-,-,-,-,-,-,-,-,-,-,-,-,-
inv_085,-,-,-,-,-,-,-,-,-,-,-,-,-,-,-,-,-,-,-,-,-,-,-,-,-,-,-,-,-,-,-,-,-,-,-,-,-,-,-,-,-,←,-,-,-,-,-,-,-,-,-,→,-,-,-,-,-,-,-,-,-
